{"y": [0, 0, 1, 1, 1, 1, 0, 1, 0, 1, 1, 1, 1, 0, 0, 0, 0, 0, 1, 0, 1, 1, 1, 0, 0, 0, 0, 1, 0, 1, 1, 1, 1, 0, 1, 0, 1, 0, 1, 1, 1, 0, 0, 0, 0, 1, 0, 0, 0, 1], "x": [[-1.497720095069369, -0.5936233477814195], [-0.8818736278082382, -1.2894565489848584], [-0.6591900173012105, 0.4601146683745969], [-1.608057447320969, 1.3393412525208772], [-0.7740693235509934, 0.4744728224092991], [-1.721368273937844, 1.2919191539838588], [-0.8476160482570528, -1.3363691161142452], [-1.1544929438814158, 1.2527316326038758], [-2.932405464303539, 0.13808792321610364], [-0.10899080754497925, 0.2348448614185622], [-0.46402309451268975, 1.1498242120609967], [-2.1616803659274977, 1.3229566117067308], [-2.5975291108732215, 1.8635102060681534], [-1.470298947444042, -0.7676616281051556], [-0.6137827702621795, -0.9565572548721667], [-1.9401934518707677, -0.4828752039955706], [-0.8802852464660774, -0.6948331933747542], [-1.6507059431805047, -0.6929416089058553], [-1.8357224134434675, 0.8178610324897553], [-1.7305432331076602, -0.7789612674768931], [-0.9268348909993589, 0.4140567534269457], [-2.101617644351631, 1.1741580437450934], [-1.8576371912167953, 1.4500445793348407], [-0.8828869155504802, -1.1355695948845006], [-1.411720447121238, -0.7484919127290174], [-1.253938366705206, -0.4371191946972809], [0.09740016492014325, -1.4899427721566836], [0.7031236366929012, 1.0759567386126252], [-1.0198257847479446, -0.8295228897837823], [-1.3361397294059034, 1.2365996287122134], [-2.2450819142524283, 1.9539448992472206], [0.4351271598962654, 0.22972929630924532], [-1.4979886836981766, 0.8805887747615206], [0.7617782844498946, -1.7127352971886403], [0.130767277981372, -0.48434679091944055], [-1.6121446026452035, -0.5190614542553385], [-1.5228693955651265, 1.1405083754531298], [-2.1431057890906766, -0.203036543723927], [-1.8900733533128666, 1.062476205593022], [-1.2081193025145784, 1.0557864707293156], [0.04072840649995735, 0.2656499317111377], [-1.232555668246853, -1.1801960063601626], [-2.35470806913101, -0.3206719382900186], [-2.1226288654107313, -0.44474057889767515], [0.3114560425851345, -1.3470654458034876], [-2.324637836721509, 2.0809440450608268], [-0.3740498408532935, -1.033378481453496], [0.03414776750851445, -1.4632157287483905], [-0.5281974561957835, -1.4011475335425052], [-0.9914014150404075, 1.141207644989108]]}