{"y": [0, 1, 1, 1, 1, 1, 1, 0, 1, 0, 1, 0, 1, 0, 1, 0, 1, 0, 0, 0, 0, 0, 1, 1, 0, 0, 1, 0, 1, 1, 0, 0, 1, 0, 0, 0, 0, 1, 0, 1, 0, 0, 1, 1, 1, 0, 0, 1, 1, 1], "x": [[-0.87415245192564384, 0.19268497697013554], [0.31667394949343874, -0.07761578733912522], [1.6953317470484075, -1.9576806211658395], [1.3538475436657276, -1.000161538388912], [1.2604421908405483, -1.3066180112889512], [0.90995978179713444, -1.5584602763907427], [1.027962305509456, -1.6495788175096959], [-1.0501496103717849, -1.0463556923339361], [0.16761436334287749, -0.52214833030525076], [-1.1756535879748646, -1.6933287146737666], [1.4600900018375678, -1.3900881009842927], [-0.93906412292222152, -0.41862466183531111], [0.57574352528185013, -1.2200739109549965], [-0.9975782063056664, -2.0576386465091585], [0.29347302929967001, -0.48965936251473419], [-1.1477329598283277, -0.19376348062156035], [0.17336223760052472, -0.64987169798795064], [-0.87647029616434591, 0.90004938882273122], [-0.94772291467558689, -0.88908899902550564], [-1.0017132302903011, -2.8665502827573328], [-1.1372135222446793, -0.18610139971458917], [-1.0900970201929743, -1.3003487729623939], [2.6907949276495247, -2.4663881569432098], [1.777491132882774, -1.166857490029154], [-1.0177258415765029, -1.9853415772054577], [-1.0780946149404365, -1.8344000859315308], [1.1212423485136165, -0.87491360445818966], [-1.0973914529921291, -1.4318908893731677], [0.25978153253209468, -0.60094826234190635], [1.6812683374670874, -1.6628148995411769], [-1.2831552455208648, -2.7732597003343584], [-0.82561349435874509, -0.29077970179502199], [1.5607379453525401, -1.3352772218883793], [-1.0172500495624126, -1.9313931317009079], [-1.1477273174052212, -2.3722794292406189], [-0.97748245205773088, -0.81335741014544094], [-1.0692954020340992, -0.98331780722241224], [0.16998602353850045, -0.67407801776194598], [-1.093410682160612, -1.6802586631109477], [0.33952692860116107, -1.1973400911951997], [-1.1385903923827367, -1.6802750612640374], [-1.1328359918763895, -1.3210821283045648], [2.7239832325000002, -1.9326050568061386], [0.24560709668323666, -0.82124090953019635], [2.6051056952113982, -2.3536500031017979], [-1.0076555698951886, 0.30077027873270668], [-1.2400387261977066, -2.0084385525929376], [1.1155849674051839, -1.0342498156525837], [0.82368809050460445, -1.0311651172181096], [0.42544836666314012, -0.17980934874215349]]}